id,undotted,transliterated
27033,אף על פי כן ,ap yl pi kn
27034,על אף ,yl ap
27035,אף על פי ,ap yl pi
27036,אף פעם ,ap pym
27037,אף נפש חיה ,ap npe xih
27038,אף אם ,ap am
27039,אף כי ,ap ki
27040,אף גם זאת ,ap gm zat
27041,אף על גב ,ap yl gb
27042,לא זו אף זו ,la zw ap zw
27043,בעל פה ,byl ph
28541,עבודת נמלים ,ybwdt nmlim
27071,בבת אחת ,bbt axt
27048,על הפנים ,yl hpnim
27047,על קצה הלשון ,yl qch hlewn
27050,משום כך ,mewm kk
27051,על כן ,yl kn
27052,באשר על כן ,baer yl kn
27053,יתר על כן ,itr yl kn
27054,כי על כן ,ki yl kn
27055,אשר על כן ,aer yl kn
27056,בכל אופן ,bkl awpn
27057,לפי שעה ,lpi eyh
27058,על מנת ,yl mnt
27059,אם כי ,am ki
27060,אלא אם כן ,ala am kn
27061,אם כך ,am kk
27062,אם לא כן ,am la kn
27063,אחרי כן ,axri kn
27064,כל שכן ,kl ekn
27065,כמו כן ,kmw kn
27066,לאחר מכן ,laxr mkn
27067,לפני כן ,lpni kn
27068,על פי רוב ,yl pi rwb
27069,אך זה ,ak zh
27070,אך ורק ,ak wrq
27084,אלא אם ,ala am
27856,סדו מזו ,sdw mzw
27871,הא לחמא עניא ,ha lxma ynia
28511,סנט ג'ונס ,
28059,בני ברק ,bni brq
28060,בני השרון ,bni herwn
28061,בני סחנין ,bni sxnin
28513,אבו דאבי ,abw dabi
28512,סנט ג'ורג' ,
28510,ריו דה ז'נרו ,
28507,פנום פן ,pnwm pn
28506,סנט פטרסבורג ,snv pvrsbwrg
28096,קריית יערים ,qriit iyrim
28095,אשדות יעקב ,aedwt iyqb
28094,עין חרוד ,yin xrwd
28093,גבעת חיים ,gbyt xiim
28092,בן שמן ,bn emn
28091,כרם יבנה ,krm ibnh
28090,כפר רוזנואלד ,kpr rwznwald
28089,אשדות יעקב איחוד ,aedwt iyqb aixwd
28467,דגניה א' ,
28098,ניר דוד ,nir dwd
28099,כפר חסידים ,kpr xsidim
28100,"מצפה אבי""ב ","mcph abi""b"
28101,כפר אביב ,kpr abib
28102,גבעת אבני ,gbyt abni
28103,כפר אדומים ,kpr adwmim
28104,ביתן אהרן ,bitn ahrn
28105,גן אור ,gn awr
28106,באר טוביה ,bar vwbih
28107,כפר אוריה ,kpr awrih
28108,בית אורן ,bit awrn
28109,"נווה אטי""ב ","nwwh avi""b"
28110,עין איילה ,yin aiilh
28111,משמר איילון ,memr aiilwn
28112,נוף איילון ,nwp aiilwn
28113,נווה אילן ,nwwh ailn
28114,שדה אילן ,edh ailn
28115,אבני איתן ,abni aitn
28116,נווה איתן ,nwwh aitn
28508,סן פרנסיסקו ,sn prnsisqw
28120,גבעת אלה ,gbyt alh
28121,ניר אליהו ,nir alihw
28122,שדה אליהו ,edh alihw
28123,שדה אליעזר ,edh aliyzr
28124,תלמי אלעזר ,tlmi alyzr
28125,בית אלעזרי ,bit alyzri
28126,בית אלפא ,bit alpa
28127,עץ אפרים ,yc aprim
28128,שער אפרים ,eyr aprim
28465,דגניה ב' ,
28130,שדה בוקר ,edh bwqr
28131,בית יוסף ,bit iwsp
28132,"כפר ביל""ו ","kpr bil""w"
28133,"תלמי ביל""ו ","tlmi bil""w"
28134,מבוא ביתר ,mbwa bitr
28135,כפר בלום ,kpr blwm
28136,גבע בנימין ,gby bnimin
28137,יד בנימין ,id bnimin
28138,כפר ברוך ,kpr brwk
28139,בית עזרא ,bit yzra
28140,בית ברל ,bit brl
28141,גבעת ברנר ,gbyt brnr
28142,בית קמה ,bit qmh
28143,עין גב ,yin gb
28144,עין גדי ,yin gdi
28145,כפר גדעון ,kpr gdywn
28146,בית גוברין ,bit gwbrin
28147,מרום גולן ,mrwm gwln
28148,נאות גולן ,nawt gwln
28149,בר גיורא ,br giwra
28150,הר גילה ,hr gilh
28151,מעלה גלבוע ,mylh glbwy
28152,כפר גלים ,kpr glim
28153,ניר גלים ,nir glim
28154,כפר גליקסון ,kpr gliqswn
28155,כפר גלעדי ,kpr glydi
28156,מעלה גמלא ,mylh gmla
28157,בית גמליאל ,bit gmlial
28158,משגב דב ,megb db
28159,שדמות דבורה ,edmwt dbwrh
28160,משמר דוד ,memr dwd
28161,רמת דוד ,rmt dwd
28162,שדה דוד ,edh dwd
28163,עין דור ,yin dwr
28164,מבוא דותן ,mbwa dwtn
28466,שייח' דנון ,eiix dnwn
28166,כפר דניאל ,kpr dnial
28167,נווה דניאל ,nwwh dnial
28168,נווה דקלים ,nwwh dqlim
28169,בני דרום ,bni drwm
28170,כפר דרום ,kpr drwm
28171,בני דרור ,bni drwr
28172,כפר האורנים ,kpr hawrnim
28173,אלוני הבשן ,alwni hben
28174,להבות הבשן ,lhbwt hben
28175,נתיב הגדוד ,ntib hgdwd
28176,בית הגדי ,bit hgdi
28177,שער הגולן ,eyr hgwln
28178,לוחמי הגיטאות ,lwxmi hgivawt
28179,אלון הגליל ,alwn hglil
28180,בוסתן הגליל ,bwstn hglil
28181,גורנות הגליל ,gwrnwt hglil
28183,צור הדסה ,cwr hdsh
28184,בת הדר ,bt hdr
28185,גנות הדר ,gnwt hdr
28186,גני הדר ,gni hdr
28187,גן הדרום ,gn hdrwm
28188,עין הוד ,yin hwd
28189,גשר הזיו ,ger hziw
28190,גבעון החדשה ,gbywn hxdeh
28191,כפר החורש ,kpr hxwre
28192,עין החורש ,yin hxwre
28193,מעלה החמישה ,mylh hxmieh
28194,משמר הירדן ,memr hirdn
28195,רמת הכובש ,rmt hkwbe
28196,נאות הכיכר ,nawt hkikr
28197,"נתיב הל""ה ","ntib hl""h"
28198,בית הלוי ,bit hlwi
28200,כפר המכבי ,kpr hmkbi
28201,עין המפרץ ,yin hmprc
28202,כפר הנגיד ,kpr hngid
28203,"עין הנצי""ב ","yin hnci""b"
28204,אור הנר ,awr hnr
28205,אשל הנשיא ,ael hneia
28206,כפר הנשיא ,kpr hneia
28207,כפר הס ,kpr hs
28208,בית העמק ,bit hymq
28209,משמר העמק ,memr hymq
28210,עין העמק ,yin hymq
28211,שושנת העמקים ,ewent hymqim
28212,שער העמקים ,eyr hymqim
28213,בית הערבה ,bit hyrbh
28214,נתיב העשרה ,ntib hyerh
28215,טירת צבי ,virt cbi
28216,"כפר הרי""ף ","kpr hri""p"
28217,נס הרים ,ns hrim
28218,משמר השבעה ,memr hebyh
28219,גן השומרון ,gn hewmrwn
28220,עין השופט ,yin hewpv
28221,רמת השופט ,rmt hewpv
28222,איילת השחר ,aiilt hexr
28223,כוכב השחר ,kwkb hexr
28224,בית השיטה ,bit heivh
28225,נתיב השיירה ,ntib heiirh
28226,גבעת השלושה ,gbyt helweh
28227,יד השמונה ,id hemwnh
28228,חבצלת השרון ,xbclt herwn
28229,כפר אחים ,kpr axim
28230,כפר ויתקין ,kpr witqin
28231,שדה ורבורג ,edh wrbwrg
28232,עין ורד ,yin wrd
28233,מנשית זבדה ,mneit zbdh
28234,עלי זהב ,yli zhb
28235,נווה זוהר ,nwwh zwhr
28236,בית זיד ,bit zid
28237,נווה זיו ,nwwh ziw
28238,עין זיוון ,yin ziwwn
28239,בית זית ,bit zit
28240,כפר זיתים ,kpr zitim
28241,בן זכאי ,bn zkai
28242,בית זרע ,bit zry
28243,"גבעת ח""ן ","gbyt x""n"
28244,"ניר ח""ן ","nir x""n"
28245,"כפר חב""ד ","kpr xb""d"
28246,להבות חביבה ,lhbwt xbibh
28247,פני חבר ,pni xbr
28248,פקיעין חדשה ,pqiyin xdeh
28249,כפר ורבורג ,kpr wrbwrg
28250,בית חורון ,bit xwrwn
28251,מבוא חורון ,mbwa xwrwn
28252,כפר חושן ,kpr xwen
28253,נצר חזני ,ncr xzni
28254,כפר חיטים ,kpr xivim
28255,גן חיים ,gn xiim
28256,חפץ חיים ,xpc xiim
28257,כפר חיים ,kpr xiim
28258,מעוז חיים ,mywz xiim
28259,ברור חיל ,brwr xil
28260,בית חירות ,bit xirwt
28261,בית חלקיה ,bit xlqih
28262,שדי חמד ,edi xmd
28263,מבוא חמה ,mbwa xmh
28264,סוואעד חמיירה ,swwayd xmiirh
28265,יד חנה ,id xnh
28266,בית חנן ,bit xnn
28267,בית חנניה ,bit xnnih
28268,כפר מצר ,kpr mcr
28269,אבני חפץ ,abni xpc
28270,בת חפר ,bt xpr
28271,עין חצבה ,yin xcbh
28272,כפר חרוב ,kpr xrwb
28273,נווה חריף ,nwwh xrip
28274,בית חשמונאי ,bit xemwnai
28275,גני טל ,gni vl
28276,כפר טרומן ,kpr vrwmn
28277,גן יאשיה ,gn iaeih
28278,קבוצת יבנה ,qbwct ibnh
28279,צור יגאל ,cwr igal
28280,כפר ידידיה ,kpr ididih
28281,עין יהב ,yin ihb
28283,גני יהודה ,gni ihwdh
28284,טירת יהודה ,virt ihwdh
28285,מצדות יהודה ,mcdwt ihwdh
28286,בית יהושע ,bit ihwey
28287,כפר יהושע ,kpr ihwey
28288,גבעת יואב ,gbyt iwab
28289,שדה יואב ,edh iwab
28290,בר יוחאי ,br iwxai
28291,גני יוחנן ,gni iwxnn
28292,רמת יוחנן ,rmt iwxnn
28293,כרמי יוסף ,krmi iwsp
28294,תל יוסף ,tl iwsp
28295,כפר יחזקאל ,kpr ixzqal
28296,גליל ים ,glil im
28297,מבואות ים ,mbwawt im
28298,נווה ים ,nwwh im
28299,צוקי ים ,cwqi im
28300,רפיח ים ,rpix im
28301,שדות ים ,edwt im
28302,נווה ימין ,nwwh imin
28303,בית ינאי ,bit inai
28304,חצרות יסף ,xcrwt isp
28305,כפר יעבץ ,kpr iybc
28306,כוכב יעקב ,kwkb iyqb
28307,עין יעקב ,yin iyqb
28308,שדה יעקב ,edh iyqb
28309,גבעת יערים ,gbyt iyrim
28310,ניר יפה ,nir iph
28311,תלמי יפה ,tlmi iph
28312,אלוני יצחק ,alwni icxq
28313,בארות יצחק ,barwt icxq
28314,משואות יצחק ,mewawt icxq
28315,שדה יצחק ,edh icxq
28316,תל יצחק ,tl icxq
28317,ורד יריחו ,wrd irixw
28318,מצפה יריחו ,mcph irixw
28319,נווה ירק ,nwwh irq
28320,שאר ישוב ,ear iewb
28321,גבעת ישעיהו ,gbyt ieyihw
28322,ניר ישראל ,nir ieral
28323,"גבעת כ""ח ","gbyt k""x"
28324,גבע כרמל ,gby krml
28325,עין כרמל ,yin krml
28326,חרב לאת ,xrb lat
28327,מעלה לבונה ,mylh lbwnh
28328,בית מאיר ,bit mair
28329,רמות מאיר ,rmwt mair
28330,רמת מגשימים ,rmt mgeimim
28331,משמר הנגב ,memr hngb
28332,מבוא מודיעים ,mbwa mwdiyim
28333,כפר מונש ,kpr mwne
28334,אלון מורה ,alwn mwrh
28335,שדמות מחולה ,edmwt mxwlh
28336,כוכב מיכאל ,kwkb mikal
28337,מעגן מיכאל ,mygn mikal
28338,נווה מיכאל ,nwwh mikal
28339,שדות מיכה ,edwt mikh
28340,כפר מימון ,kpr mimwn
28341,מעלה מכמש ,mylh mkme
28342,"כפר מל""ל ","kpr ml""l"
28343,אבן מנחם ,abn mnxm
28344,כפר מנחם ,kpr mnxm
28345,רמות מנשה ,rmwt mneh
28346,שער מנשה ,eyr mneh
28347,כפר מסריק ,kpr msriq
28348,יד מרדכי ,id mrdki
28349,כפר מרדכי ,kpr mrdki
28350,נאות מרדכי ,nawt mrdki
28351,נווה מבטח ,nwwh mbvx
28352,צור משה ,cwr meh
28353,שדה משה ,edh meh
28354,שדה נחום ,edh nxwm
28355,בית נחמיה ,bit nxmih
28356,שדה נחמיה ,edh nxmih
28357,מצפה נטופה ,mcph nvwph
28358,קריית נטפים ,qriit nvpim
28359,ניר בנים ,nir bnim
28360,בית ניר ,bit nir
28361,רמות נפתלי ,rmwt nptli
28362,עין נקובא ,yin nqwba
28363,בית נקופה ,bit nqwph
28364,גן נר ,gn nr
28365,יד נתן ,id ntn
28366,ניר עוז ,nir ywz
28367,כפר סאלד ,kpr sald
28368,כפר סילבר ,kpr silbr
28369,אלי סיני ,ali sini
28370,ניצני סיני ,nicni sini
28371,כפר סירקין ,kpr sirqin
28372,נאות סמדר ,nawt smdr
28373,אבן ספיר ,abn spir
28374,נצר סרני ,ncr srni
28375,כפר עבודה ,kpr ybwdh
28376,תל עדשים ,tl ydeim
28377,בית עובד ,bit ywbd
28378,גבעת עוז ,gbyt ywz
28379,מגדל עוז ,mgdl ywz
28380,מדרך עוז ,mdrk ywz
28381,נחל עוז ,nxl ywz
28382,ניצני עוז ,nicni ywz
28383,בית עוזיאל ,bit ywzial
28384,כפר עזה ,kpr yzh
28385,עין הבשור ,yin hbewr
28386,מוצא עילית ,mwca yilit
28387,פורייה עילית ,pwriih yilit
28388,בת עין ,bt yin
28389,עין עירון ,yin yirwn
28390,גני עם ,gni ym
28391,הדר עם ,hdr ym
28392,עין השלושה ,yin helweh
28393,ניר עם ,nir ym
28394,מעלה עמוס ,mylh ymws
28395,בן עמי ,bn ymi
28396,מי עמי ,mi ymi
28397,נס עמים ,ns ymim
28398,קריית ענבים ,qriit ynbim
28399,כפר עציון ,kpr yciwn
28400,ניר עציון ,nir yciwn
28401,בני עצמון ,bni ycmwn
28402,ניר עקיבא ,nir yqiba
28403,בית עריף ,bit yrip
28404,כפר פינס ,kpr pins
28405,בית צבי ,bit cbi
28406,מעיין צבי ,myiin cbi
28407,ניר צבי ,nir cbi
28408,קדמת צבי ,qdmt cbi
28409,רמת צבי ,rmt cbi
28410,שדה צבי ,edh cbi
28411,כרמי צור ,krmi cwr
28412,עין צורים ,yin cwrim
28413,ראש צורים ,rae cwrim
28414,בני ציון ,bni ciwn
28415,חיבת ציון ,xibt ciwn
28416,מסילת ציון ,msilt ciwn
28417,כפר קיש ,kpr qie
28418,תל קציר ,tl qcir
28419,בית קשת ,bit qet
28420,בני ראם ,bni ram
28421,דייר ראפאת ,diir rapat
28422,עין ראפה ,yin raph
28423,בית רבן ,bit rbn
28424,כפר רופין ,kpr rwpin
28425,כפר רות ,kpr rwt
28426,רמת רזיאל ,rmt rzial
28427,רמת רחל ,rmt rxl
28428,בית רימון ,bit rimwn
28429,גת רימון ,gt rimwn
28430,"יד רמב""ם ","id rmb""m"
28431,מגן שאול ,mgn eawl
28432,אלון שבות ,alwn ebwt
28433,משאבי שדה ,meabi edh
28434,פאת שדה ,pat edh
28435,מעלה שומרון ,mylh ewmrwn
28436,שבי שומרון ,ebi ewmrwn
28437,גן שורק ,gn ewrq
28438,טל שחר ,vl exr
28439,נווה שלום ,nwwh elwm
28440,מצפה שלם ,mcph elm
28441,בת שלמה ,bt elmh
28442,גן שלמה ,gn elmh
28443,כפר שמאי ,kpr emai
28444,אבן שמואל ,abn emwal
28445,גן שמואל ,gn emwal
28446,כפר שמואל ,kpr emwal
28447,עין שמר ,yin emr
28448,גבעת שמש ,gbyt eme
28449,בית שערים ,bit eyrim
28450,מאיר שפיה ,mair epih
28451,גבעת שפירא ,gbyt epira
28452,מרכז שפירא ,mrkz epira
28453,בית שקמה ,bit eqmh
28454,שדה ניצן ,edh nicn
28455,שדה עוזיהו ,edh ywzihw
28456,גאולי תימן ,gawli timn
28457,עין תמר ,yin tmr
28458,כפר תפוח ,kpr tpwx
28459,שערי תקווה ,eyri tqwwh
28460,שדי תרומות ,edi trwmwt
28461,"פעמי תש""ז ","pymi te""z"
28462,תלמי אליהו ,tlmi alihw
28463,תלמי יוסף ,tlmi iwsp
28464,תלמי יחיאל ,tlmi ixial
28505,לה פאס ,lh pas
28504,סאו פאולו ,saw pawlw
28503,רבת עמון ,rbt ymwn
28502,סן סלוודור ,sn slwwdwr
28501,מקסיקו סיטי ,mqsiqw sivi
28500,כווית סיטי ,kwwit sivi
28499,קואלה לומפור ,qwalh lwmpwr
28498,ניו יורק ,niw iwrq
28497,סן חואן ,sn xwan
28496,ניו דלהי ,niw dlhi
28495,סן דיאגו ,sn diagw
28494,ריו דה ,riw dh
28493,אולן בטור ,awln bvwr
28491,בואנוס איירס ,bwanws aiirs
28490,ניו אורלינס ,niw awrlins
28489,אדיס אבבה ,adis abbh
28509,הונג קונג ,hwng qwng
28514,סנטו דומינגו ,snvw dwmingw
28515,קריית הוותיקן ,qriit hwwtiqn
28516,פנמה סיטי ,pnmh sivi
28517,גואטמלה סיטי ,gwavmlh sivi
28518,פורטו נובו ,pwrvw nwbw
28519,סן מרינו ,sn mrinw
28520,סנט לוסיה ,snv lwsih
28521,סן חוסה ,sn xwsh
28522,קייפ טאון ,qiip vawn
28523,וושינגטון הבירה ,wweingvwn hbirh
28524,כפר חסידים א' ,
28525,כפר חסידים ב' ,
28526,תל עמל ,tl yml
28527,גבעת חיים איחוד ,gbyt xiim aixwd
28528,עין חרוד איחוד ,yin xrwd aixwd
28529,גבעת חיים מאוחד ,gbyt xiim mawxd
28530,עין חרוד מאוחד ,yin xrwd mawxd
28531,אשדות יעקב מאוחד ,aedwt iyqb mawxd
28532,תל אביב ,tl abib
28533,באר שבע ,bar eby
28534,פתח תקווה ,ptx tqwwh
28535,רמת גן ,rmt gn
28552,מפני ש ,mpni e
28553,מתחת ל ,mtxt l
28554,מחוץ ל ,mxwc l
28555,מעל ל ,myl l
28556,מאחר ו ,maxr w
28557,כיוון ש ,kiwwn e
28878,בן גוריון ,bn gwriwn
28561,על סמך ,yl smk
28569,תוך כדי ,twk kdi
28570,אחר הצהריים ,axr hchriim
28571,על סף ,yl sp
28572,בין הערביים ,bin hyrbiim
28573,בין השמשות ,bin hemewt
28574,בין המיצרים ,bin hmicrim
28575,לפנות ערב ,lpnwt yrb
28576,מצד אחד ,mcd axd
28577,מצד שני ,mcd eni
28881,בן יהודה ,bn ihwdh
28891,ארץ השמש העולה ,arc heme hywlh
28892,ארץ זבת חלב ודבש ,arc zbt xlb wdbe
28940,ארצות הברית ,arcwt hbrit
28942,רמת השרון ,rmt herwn
28944,אבו נידאל ,abw nidal
28945,אום אל פאחם ,awm al paxm
28946,אל על ,al yl
28948,סן סימון ,sn simwn
28950,על כך ,yl kk
28951,אל חלד ,al xld
28952,אם כן ,am kn
28953,אסטון וילה ,asvwn wilh
28956,ג'ואיש כרוניקל ,
28954,ברית המועצות ,brit hmwycwt
30655,עיד אל אדחא ,yid al adxa
28975,בית חאנון ,bit xanwn
28957,באב אל וואד ,bab al wwad
28958,באייר לברקוזן ,baiir lbrqwzn
28959,אחר כך ,axr kk
28960,אינדיאנה ג'ונס ,
28961,אל פאג'ר ,
28962,אל איתיחאד ,al aitixad
28963,אל נכון ,al nkwn
28964,אפקוט סנטר ,apqwv snvr
28967,אל תופח ,al twpx
28968,ג'ואיש פרס ,
28969,ידיעות אחרונות ,idiywt axrwnwt
28971,באיירן מינכן ,baiirn minkn
28972,אפר איסט סייד ,apr aisv siid
28973,איסט סייד ,aisv siid
28974,אל סלבדור ,al slbdwr
28976,בית אריאלה ,bit arialh
28977,בית לחם ,bit lxm
28979,נוף ים ,nwp im
28980,בת ים ,bt im
28981,גבעת שאול ,gbyt eawl
28982,גולדן סטייט ,gwldn sviiv
28983,גוש אמונים ,gwe amwnim
28984,בד בבד ,bd bbd
28985,דיור לעולה ,diwr lywlh
28986,דיסני וורלד ,disni wwrld
28987,ווסט פוינט ,wwsv pwinv
28988,בוסטון גלוב ,bwsvwn glwb
28990,יד אליהו ,id alihw
28991,יד ושם ,id wem
28992,ביר זית ,bir zit
28993,בית וגן ,bit wgn
28994,בית סחור ,bit sxwr
28995,בית שאן ,bit ean
28996,כימיקלים לישראל ,kimiqlim lieral
28997,כפר המכביה ,kpr hmkbih
28998,כפר סבא ,kpr sba
28999,מגרש הרוסים ,mgre hrwsim
29000,בן אריה ,bn arih
29001,בן זאב ,bn zab
29002,בן חמו ,bn xmw
29004,בן פורת ,bn pwrt
29005,בן איון ,bn aiwn
29006,בן ברוך ,bn brwk
29013,בני הכפר ,bni hkpr
29007,בן הרוש ,bn hrwe
29008,בן חורין ,bn xwrin
36226,גן עדן ,gn ydn
29010,בן יצחק ,bn icxq
29011,בן שמעון ,bn emywn
29012,נווה מונוסון ,nwwh mwnwswn
29014,בני יהודה ,bni ihwdh
29015,ניו ג'רזי ,
29016,סן מוריץ ,sn mwric
29017,סנטה קלאוס ,snvh qlaws
29018,סרי לנקה ,sri lnqh
29019,עין כרם ,yin krm
29020,פתח תקוה ,ptx tqwh
29021,קריית ארבע ,qriit arby
29024,קרית ים ,qrit im
29022,קריית חיים ,qriit xiim
29023,קרית מוצקין ,qrit mwcqin
29025,קרית אתא ,qrit ata
29026,קרית ביאליק ,qrit bialiq
29035,סולל בונה ,swll bwnh
29027,ראשון לציון ,raewn lciwn
29028,הראשון לציון ,hraewn lciwn
29029,מרון סובל שור ושות' ,
29030,סומך חייקין ,swmk xiiqin
29031,דלויט ברייטמן אלמגור ,dlwiv briivmn almgwr
29032,זיו האפט ,ziw hapv
29077,גרייט לייקס ,griiv liiqs
29034,ארנסט אנד יאנג ,arnsv and iang 
29036,קרית אונו ,qrit awnw
29037,גן אורנים ,gn awrnim
29038,גרייט לייקס כימיקלס ,griiv liiqs kimiqls
29039,בר אילן ,br ailn
29040,וושינגטון פוסט ,wweingvwn pwsv
29041,קפלן נעים ושות' ,
29042,שיכון עובדים ,eikwn ywbdim
29043,גבעת שמואל ,gbyt emwal
29044,אילולי כן ,ailwli kn
29045,חמי יואב ,xmi iwab
29046,ויידנפלד וניקולסון ,wiidnpld wniqwlswn
29047,קריית טבעון ,qriit vbywn
29048,סולם צור ,swlm cwr
29049,בר נור ,br nwr
29050,פליי אוף ,plii awp
29051,עמק חפר ,ymq xpr
29052,טירת הכרמל ,virt hkrml
29053,מטה אשר ,mvh aer
29055,קריית אליעזר ,qriit aliyzr
29056,בר כוכבא ,br kwkba
29057,בר לב ,br lb
29058,שמחת תורה ,emxt twrh
29059,גבת העמק ,gbt hymq
29060,גדות תעשיות פטרוכימיה ,gdwt tyeiwt pvrwkimih
29062,גואטמאלה סיטי ,gwavmalh sivi
29063,בן יעקב ,bn iyqb
29064,גינגיס חאן ,gingis xan
29065,דה מוין ,dh mwin
29068,דון גובאני ,dwn gwbani
29069,דיר אל באלח ,dir al balx
29070,דלתות קיסריה ,dltwt qisrih
29073,הג'יהאד האיסלמי ,
30058,משמר הגבול ,memr hgbwl
29083,קריית ראשון ,qriit raewn
29084,מגה קומפורט ,mgh qwmpwrv
30085,פנג שואי ,png ewai
30079,אלת המסטיק ,alt hmsviq
29089,קריית מטלון ,qriit mvlwn
29091,בדרך כלל ,bdrk kll
29092,לעיתים קרובות ,lyitim qrwbwt
29093,לעיתים רחוקות ,lyitim rxwqwt
29094,מעת לעת ,myt lyt
29095,בסופו של דבר ,bswpw el dbr
29096,סוף סוף ,swp swp
29097,סוף כל סוף ,swp kl swp
29098,באופן כללי ,bawpn klli
29101,חייל בודד ,xiil bwdd
29104,כל כך ,kl kk
29121,אמריקן אקונומיק ריוויו ,amriqn aqwnwmiq riwwiw
29127,פולמן הולידייס ,pwlmn hwlidiis
29128,קאנארי ורף ,qanari wrp
29243,טורפדו מוסקווה ,vwrpdw mwsqwwh
29131,ניוז דיי ,niwz dii
29139,קפיטל אנד ריסרצ' ,
29140,איי סי אף ,aii si ap
29141,אס די קיי ,as di qii
29149,כל דיכפין ,kl dikpin
29155,ניו ג'רזי נאטס ,
29177,,a.s rmt herwn
29178,עם זאת ,ym zat
29179,מארטין לותר קינג ,marvin lwtr qing
29184,וול סטריט ג'ורנאל ,
29186,סופר בול ,swpr bwl
29192,סדאם חוסיין ,sdam xwsiin
29193,אגודת ישראל ,agwdt ieral
29196,סימון את ויזל ,simwn at wizl
29199,אגתה כריסטי ,agth krisvi
35288,כאבן שאין לה הופכין ,kabn eain lh hwpkin
29208,מוסר כפול ,mwsr kpwl
29209,דם כחול ,dm kxwl
29210,זאב בודד ,zab bwdd
29212,הים התיכון ,him htikwn
29213,המפרץ הפרסי ,hmprc hprsi
29214,כוח הזרוע ,kwx hzrwy
29215,מחיר כבד ,mxir kbd
29216,עתיר ידע ,ytir idy
29217,ליגת העל ,ligt hyl
29218,וולט דיסני ,wwlv disni
29219,פרטי פרטים ,prvi prvim
29220,בחזרה לעתיד ,bxzrh lytid
29221,קינג קונג ,qing qwng
34065,בעברי פי פחת ,bybri pi pxt
29225,כך או כך ,kk aw kk
29683,בורקינה פאסו ,bwrqinh pasw 
29235,,p.c liaz
29237,דינאמו בוקארשט ,dinamw bwqarev
29238,פרטיזן בלגראד ,prvizn blgrad
29239,ריאל סוסיידאד ,rial swsiidad
30055,קל וחומר ,ql wxwmr
29300,,sv pawli
29244,הפועל תל אביב ,hpwyl tl abib
29247,הנה כי כן ,hnh ki kn
29248,עד כאן ,yd kan
29250,עד כדי כך ,yd kdi kk
29251,יהודה איש קריות ,ihwdh aie qriwt
29253,ככל הנראה ,kkl hnrah
29255,רב שיח ,rb eix
29258,רב מעללים ,rb myllim
29261,ערש דווי ,yre dwwi
29264,מפעם לפעם ,mpym lpym
29266,פרס נובל ,prs nwbl
29268,אמצעי התקשורת ,amcyi htqewrt
29269,כלי התקשורת ,kli htqewrt
29270,ככלות הכול ,kklwt hkwl
29271,אחרי ככלות הכול ,axri kklwt hkwl
29273,יצר לב האדם ,icr lb hadm
29274,שמחת חיים ,emxt xiim
29275,זריקת עונשין ,zriqt ywnein
29277,עתיק יומין ,ytiq iwmin
29278,סולם ערכים ,swlm yrkim
29279,אי אפשר ,ai aper
29280,מנוסביץ' את גוטפריד ,mnwsbicnullat gwvprid
29281,לעומת זאת ,lywmt zat
29284,רחוב אלנבי ,rxwb alnbi
29285,מעלות צלסיוס ,mylwt clsiws
29286,רחוב רויאל ,rxwb rwial
29290,באייר לוורקוזן ,baiir lwwrqwzn
29291,ורדר ברמן ,wrdr brmn
29301,ניו ג'רסי ,
29308,סן אנטוניו ספארס ,sn anvwniw spars
29311,,
29317,סלמינה פמגוסטה ,slminh pmgwsvh
29332,אי טי ,ai vi
29342,חברת מקורות ,xbrt mqwrwt
29337,שלא כדין ,ela kdin
29338,שלום עכשיו ,elwm ykeiw
29340,תחנה מרכזית ,txnh mrkzit 
29349,מזון למחשבה ,mzwn lmxebh
29350,יתרה מכך ,itrh mkk
29352,יתרה מזו ,itrh mzw
29353,יתרה מזאת ,itrh mzat
29355,עיר האורות ,yir hawrwt
29356,ליל הבדולח ,lil hbdwlx
29359,נישואי תערובת ,niewai tyrwbt
29360,המגבית היהודית המאוחדת ,hmgbit hihwdit hmawxdt
29364,יחד עם זאת ,ixd ym zat
29368,עבודה ערבית ,ybwdh yrbit
29365,קודש הקודשים ,qwde hqwdeim
29366,בו בזמן ,bw bzmn
29367,עבודה עברית ,ybwdh ybrit
29372,גדוד העבודה ,gdwd hybwdh
29373,ראש השולחן ,rae hewlxn
29376,בין היתר ,bin hitr
29375,בין השאר ,bin hear
29379,משרד החינוך ,merd hxinwk
29377,אין ספק ,ain spq
29381,בחפץ לב ,bxpc lb
29380,תיאטרון החאן ,tiavrwn hxan
29382,כוח רצון ,kwx rcwn
29383,משביע רצון ,mebiy rcwn
29384,אי ספיקת כליות ,ai spiqt kliwt
29385,אי שביעות רצון ,ai ebiywt rcwn
29388,אי אמון ,ai amwn
29387,אי ספיקת לב ,ai spiqt lb
29389,אי בהירות ,ai bhirwt
29390,אי דיוק ,ai diwq
29391,אי התאמה ,ai htamh
29392,אי התערבות ,ai htyrbwt
29393,אי התקפה ,ai htqph
29394,אי ודאות ,ai wdawt
29395,אי זהירות ,ai zhirwt
29396,אי זוגי ,ai zwgi
29397,אי נוחות ,ai nwxwt
29398,אי נחת ,ai nxt
29399,אי נעימות ,ai nyimwt
29400,אי סדר ,ai sdr
29401,אי סדרים ,ai sdrim
29402,אי ספיקה ,ai spiqh
29403,אי פוריות ,ai pwriwt
29404,אי פעילות ,ai pyilwt
29405,אי פירעון ,ai pirywn
29406,אי צדק ,ai cdq
29407,אי ציות ,ai ciwt 
29408,אי קיום ,ai qiwm
29409,אי רציפות ,ai rcipwt
29417,אחוזת עולם ,axwzt ywlm
29418,איבת עולם ,aibt ywlm
29422,איסור עולם ,aiswr ywlm
29426,בורא עולם ,bwra ywlm
34061,בן רגע ,bn rgy
29428,בית עולמים ,bit ywlmim
29429,גג העולם ,gg hywlm 
29430,דרך העולם ,drk hywlm
34858,הפלא ופלא ,hpla wpla
29432,העולם העתיק ,hywlm hytiq
34955,חס ושלום ,xs welwm
34959,טעם לשבח ,vym lebx
29438,לעולמי עד ,lywlmi yd
29445,בת קול ,bt qwl
29446,קול קורא ,qwl qwra
29447,קול ענות ,qwl ynwt
29450,משק המים ,meq hmim
29451,משק לשעת חירום ,meq leyt xirwm
29468,ציפור נדירה ,cipwr ndirh
29454,אי הבנה ,ai hbnh
29455,הבנת הנקרא ,hbnt hnqra
29456,אי תלות ,ai tlwt
34063,בנערינו ובזקנינו ,bnyrinw wbzqninw
29459,ארץ האש ,arc hae
29460,ארץ הבחירה ,arc hbxirh
29463,ברוח טובה ,brwx vwbh
35011,צאנה וראינה ,canh wrainh
29470,אוזן קשבת ,awzn qebt
29480,פוטו רצח ,pwvw rcx
29481,רצח אופי ,rcx awpi 
35193,מילי דעלמא ,mili dylma
29483,רצח בעיניים ,rcx byiniim
29489,הר אדם ,hr adm
29491,הר הבית ,hr hbit
29494,עוקר הרים ,ywqr hrim
29511,היפ הופ ,hip hwp
29516,אור לגויים ,awr lgwiim
29517,אור ראשון ,awr raewn
29518,אור קולי ,awr qwli
29519,הוצאה לאור ,hwcah lawr
29521,מהירות האור ,mhirwt hawr
29523,אור אחרון ,awr axrwn
29524,הצלב האדום ,hclb hadwm
29527,הדובה הגדולה ,hdwbh hgdwlh
29528,הדובה הקטנה ,hdwbh hqvnh
29529,כוכב הצפון ,kwkb hcpwn
29643,גוגל מוגל ,gwgl mwgl
29585,בפה מלא ,bph mla
29587,ילדי הפרחים ,ildi hprxim
29589,שער הפרחים ,eyr hprxim
29590,שער האריות ,eyr hariwt
29591,שער האשפתות ,eyr haeptwt
29592,שער ציון ,eyr ciwn
29593,שער שכם ,eyr ekm
29594,שער יפו ,eyr ipw
29595,שער הרחמים ,eyr hrxmim
29596,עיר דוד ,yir dwd
29604,עין הרע ,yin hry
29605,עין רעה ,yin ryh
29642,בר זוהר ,br zwhr
29644,גפילטע פיש ,gpilvy pie
29645,עין חמד ,yin xmd
29646,אמא אדמה ,ama admh
29648,ארץ אבות ,arc abwt
29649,ארץ גזירה ,arc gzirh
29650,ארץ החיים ,arc hxiim
29651,ארץ המגף ,arc hmgp
29656,ארץ עיר ,arc yir
29661,על יבש ,yl ibe
29662,על רטוב ,yl rvwb
29665,כוכב נופל ,kwkb nwpl
29673,דמי לא יחרץ ,dmi la ixrc
29676,הרצליה פיתוח ,hrclih pitwx
29684,גינאה ביסאו ,ginah bisaw 
29685,גינאה המשוונית ,ginah hmewwnit 
29687,דרום אפריקה ,drwm apriqh 
29688,חוף השנהב ,xwp henhb 
29689,כף ורדה ,kp wrdh 
29690,הרפובליקה המרכז אפריקאית ,hrpwbliqh hmrkz apriqait 
29691,סאו טומה ופרינסיפה ,saw vwmh wprinsiph 
29692,סיירה לאון ,siirh lawn
29694,ניו מקסיקו ,niw mqsiqw
29705,גינאה ביסאו ,ginah bisaw 
29706,הרפובליקה הדמוקרטית של קונגו ,hrpwbliqh hdmwqrvit el qwngw
29707,סאו טומה ופרינסיפה ,saw vwmh wprinsiph
29708,הרפובליקה המרכז אפריקאית ,hrpwbliqh hmrkz apriqait 
29709,חוף השנהב ,xwp henhb 
29710,גינאה המשוונית ,ginah hmewwnit
30037,בית שמאי ,bit emai
30040,חד גיסא ,xd gisa
30041,אידך גיסא ,aidk gisa
30042,ביד חזקה ,bid xzqh
30043,בזרוע נטויה ,bzrwy nvwih
30044,בני ישראל ,bni ieral
30046,יד הגורל ,id hgwrl
30047,יד המקרה ,id hmqrh
30048,שיחת היום ,eixt hiwm
30051,בית הלל ,bit hll
30053,בן לילה ,bn lilh
30054,סוף פסוק ,swp pswq
30086,בנק ישראל ,bnq ieral
30108,פה אחד ,ph axd
30132,יישר כוח ,iier kwx
30150,גרון ניחר ,grwn nixr
30275,רב בריח ,rb brix
30274,תכנית ההתנתקות ,tknit hhtntqwt
30276,בר בצק ,br bcq
30529,גלגל המזלות ,glgl hmzlwt
30278,וואשינגטון פוסט ,wwaeingvwn pwsv
30280,כדור הארץ ,kdwr harc
30281,מאחורי הקלעים ,maxwri hqlyim
30282,במידה רבה ,bmidh rbh
30283,קריית שאול ,qriit eawl
30284,קודם לכן ,qwdm lkn
30285,שתי וערב ,eti wyrb
30286,יום הזכרון ,iwm hzkrwn
30287,יום השואה ,iwm hewah
30288,אחת ולתמיד ,axt wltmid
30289,מעל ומעבר ,myl wmybr
30290,עד כה ,yd kh
30291,זה מכבר ,zh mkbr
30292,כיוצא באלה ,kiwca balh
30293,כיוצא בזה ,kiwca bzh
30294,הקיבוץ הארצי ,hqibwc harci
30295,על תנאי ,yl tnai
30296,דין וחשבון ,din wxebwn
30297,על בסיס ,yl bsis
30298,משא ומתן ,mea wmtn
30299,מה גם ,mh gm
30300,ים המלח ,im hmlx
30301,בטרם עת ,bvrm yt
30302,,ap-bi-aii
30303,כל עוד ,kl ywd
30304,ג'רוזלם פוסט ,
30306,גם יחד ,gm ixd
30307,בכל זאת ,bkl zat
30308,ככר המדינה ,kkr hmdinh
30309,קריית טבעון ,qriit vbywn
30310,כל דכפין ,kl dkpin
30311,עד תום ,yd twm
30312,באין מפריע ,bain mpriy
30313,אור לאתמול ,awr latmwl
30314,סן אנטוניו ,sn anvwniw
30315,לוס אנג'לס ,
30316,ניו ג'רזי ,
30317,כלל לא ,kll la
30318,לא מן הנמנע ,la mn hnmny
30319,בשנים עברו ,benim ybrw
30320,פיינל פור ,piinl pwr
30323,בזה אחר זה ,bzh axr zh
30324,שכונת התקווה ,ekwnt htqwwh
34808,קבל עם ועדה ,qbl ym wydh
30326,תור הזהב ,twr hzhb
30327,לא בכדי ,la bkdi
30328,לאו דווקא ,law dwwqa
30329,ללא ספק ,lla spq
30331,האזרח הקטן ,hazrx hqvn
30332,האח הגדול ,hax hgdwl
30333,האותיות הקטנות ,hawtiwt hqvnwt
30334,הגיל הרך ,hgil hrk
30336,פאנטום האופרה ,panvwm hawprh
30338,העולם התחתון ,hywlm htxtwn
30339,אור בקצה המנהרה ,awr bqch hmnhrh
30340,ימי הביניים ,imi hbiniim
30341,יומם ולילה ,iwmm wlilh
36236,יניק וחכים ,iniq wxkim
30343,אביב העמים ,abib hymim
30344,בטל בשישים ,bvl beieim
30345,אברה קדברה ,abrh qdbrh
30346,אד הוק ,ad hwq
30347,תפילת הדרך ,tpilt hdrk
30348,קאנטרי קלאב ,qanvri qlab
30351,על הדרך ,yl hdrk
30550,השכם וערב ,hekm wyrb
30355,טעם של עוד ,vym el ywd
30356,טעם גן עדן ,vym gn ydn
30357,אמצע הדרך ,amcy hdrk
30358,ברכת הדרך ,brkt hdrk
30359,דרך אגב ,drk agb
30360,דרך ארץ ,drk arc
30361,דרך בורמה ,drk bwrmh
30362,דרך הים ,drk him
30363,דרך הבשמים ,drk hbemim
30364,דרך הישר ,drk hier
30365,דרך המלך ,drk hmlk
30366,דרך המשי ,drk hmei
34832,הוקוס פוקוס ,hwqws pwqws
30368,דרכי נועם ,drki nwym
30369,דרכי שלום ,drki elwm
30370,כברת דרך ,kbrt drk
30371,סוף הדרך ,swp hdrk
30372,הטיפה המרה ,hviph hmrh
30373,צעד וחצי ,cyd wxci
30374,דפי זהב ,dpi zhb
30375,עגל הזהב ,ygl hzhb
30376,ארצות המשרק ,arcwt hmerq
30377,הארץ המובטחת ,harc hmwbvxt
30378,ידיעת הארץ ,idiyt harc
30379,מלח הארץ ,mlx harc
35033,עלי אדמות ,yli admwt
30381,עם הספר ,ym hspr
30382,שועי ארץ ,ewyi arc
30383,שירי ארץ ישראל ,eiri arc ieral
30384,משמר העם ,memr hym
30385,חבר העמים ,xbr hymim
30386,מועצת העם ,mwyct hym
30387,מנהלת העם ,mnhlt hym
30388,משפחת העמים ,mepxt hymim
30389,משפט העמים ,mepv hymim
30390,עם ישראל ,ym ieral
30391,עם לועז ,ym lwyz
30392,עם עולם ,ym ywlm
30393,עמי קדם ,ymi qdm
30394,זילות בית המשפט ,zilwt bit hmepv
30395,משפטי נירנברג ,mepvi nirnbrg
30396,אבעבועות רוח ,abybwywt rwx
30397,אורך רוח ,awrk rwx
30398,רוח הקודש ,rwx hqwde
30399,עולם הרוחות ,ywlm hrwxwt
30400,שושנת הרוחות ,ewent hrwxwt
30401,הרוח החיה ,hrwx hxih
30402,רוח חיים ,rwx xiim
30403,אם הדרך ,am hdrk
30404,אם המושבות ,am hmwebwt
30405,אם הקבוצות ,am hqbwcwt
30406,אם כל חי ,am kl xi
30407,אם פונדקאית ,am pwndqait
30408,בסיס האם ,bsis ham
30409,המלכה האם ,hmlkh ham
30410,יום האם ,iwm ham
30411,יום האב ,iwm hab
30412,יום המשפחה ,iwm hmepxh
30413,אנשי החצר ,anei hxcr
34064,בסיעתא דשמיא ,bsiyta demia
30416,אשת איש ,aet aie
30417,דברי טעם ,dbri vym
30418,אוניברסיטה פתוחה ,awnibrsivh ptwxh
30422,ראש השנה ,rae henh
30419,ערב חדש ,yrb xde
30429,טירת כרמל ,virt krml
30430,עמק יזרעאל ,ymq izryal
30449,איי הבהאמה ,aii hbhamh
30462,האיים הקאריביים ,haiim hqaribiim
30463,האי מאן ,hai man
30486,ניו זילנד ,niw zilnd
30502,תל חי ,tl xi
30504,תל מונד ,tl mwnd
30505,תל שבע ,tl eby
30556,כי אם ,ki am
30531,ותו לא ,wtw la
30532,אי פעם ,ai pym
30683,אל אהראם ,al ahram
30699,קמרה אובסקורה ,qmrh awbsqwrh
30701,הנג אובר ,hng awbr
30740,UUUשוק אפור ,nullnullnullewq apwr
35895,בכייה לדורות ,bkiih ldwrwt
30742,כפר סבאי ,kpr sbai
30743,בטן מלאה ,bvn mlah
30744,בטן מתהפכת ,bvn mthpkt
30745,בטן רכה ,bvn rkh
30746,בכי מר ,bki mr
30747,טעות מרה ,vywt mrh
30748,קרב מר ,qrb mr
30749,שמנת מתוקה ,emnt mtwqh
34066,בעגלא ובזמן קריב ,bygla wbzmn qrib
30751,מצה שמורה ,mch emwrh
30752,דג מלוח ,dg mlwx
30753,צעד תימני ,cyd timni
30754,הומור שחור ,hwmwr exwr
35108,לא בשמים ,la bemim
30756,זעזוע מוחי ,zyzwy mwxi
30757,מעי גס ,myi gs
30758,בטחון עצמי ,bvxwn ycmi
30759,גיבור טרגי ,gibwr vrgi
30760,גיטרה אקוסטית ,givrh aqwsvit
30761,גיטרה בס ,givrh bs
30762,גיטרה חשמלית ,givrh xemlit
30763,גיטרה רומנטית ,givrh rwmnvit
30764,בן חורג ,bn xwrg
30766,יד חופשית ,id xwpeit
30767,יד ראשונה ,id raewnh
30768,יד קמוצה ,id qmwch
30769,יד רכה ,id rkh
30770,יד שניה ,id enih
30771,יד שלישית ,id elieit
30772,יד רביעית ,id rbiyit
30773,יד חמישית ,id xmieit
30774,יד שישית ,id eieit
30775,יד שביעית ,id ebiyit
30776,יד שמינית ,id eminit
30777,יש תשיעית ,ie teiyit
30778,יד עשירית ,id yeirit
35775,אמן ואמן ,amn wamn
30781,מזכירה אוטומטית ,mzkirh awvwmvit
34971,יפה שעה אחת קדם ,iph eyh axt qdm
30784,ימים נוראים ,imim nwraim
30785,ימים טרופים ,imim vrwpim
30786,רגל קרושה ,rgl qrweh
34823,דעת לנבון נקל ,dyt lnbwn nql
30788,גז טבעי ,gz vbyi
30789,גז מדמיע ,gz mdmiy
30790,גז משוכלל ,gz mewkll
30791,גז אידיאלי ,gz aidiali
30792,משפט בינלאומי ,mepv binlawmi
30793,שדה אלקטרומגנטי ,edh alqvrwmgnvi
30794,שדה חשמלי ,edh xemli
30795,שדה מגנטי ,edh mgnvi
30796,שדה סמנטי ,edh smnvi
30797,יום חופשי ,iwm xwpei
30798,שיעור חופשי ,eiywr xwpei
30799,סוף שחור ,swp exwr
30800,לילה לבן ,lilh lbn
30801,חגורה שחורה ,xgwrh exwrh
30802,כבשה שחורה ,kbeh exwrh
30803,חופש גדול ,xwpe gdwl
30804,פה גדול ,ph gdwl
30805,אגדה אלקטרונית ,agdh alqvrwnit
30806,אגס סורי ,ags swri
30807,אהבה אפלטונית ,ahbh aplvwnit
30808,אהבה עיוורת ,ahbh yiwwrt
30809,אוטובוס קומותיים ,awvwbws qwmwtiim
30810,אוטובוס דו קומותיים ,awvwbws dw qwmwtiim
30811,מזרח תיכוני ,mzrx tikwni
30812,אגדה אורבנית ,agdh awrbnit
31360,מאו מאו ,maw maw
31362,מאו מצרי ,maw mcri
31363,מון בלאן ,mwn blan
31365,ליטל קיימן ,livl qiimn
31366,קיימן בראק ,qiimn braq
31367,אל קעידה ,al qyidh
31368,הים האגאי ,him hagai
31370,לז אמבסאדר ,lz ambsadr
31371,לז אוליס ,lz awlis
31372,סינג סינג ,sing sing
31373,גרנד קניון ,grnd qniwn
31374,גרנד סנטרל ,grnd snvrl
31375,גרנד אלכסנדר ,grnd alksndr
31376,גראנד קיימן ,grand qiimn
31378,טאו טאו ,vaw vaw
31380,אל מיר ,al mir
31381,סון קובני ,swn qwbni
31382,סילבר סיטי ,silbr sivi
31383,בן סירא ,bn sira
31384,,dar a-slam
31386,כפר כמא ,kpr kma
31387,סנט אטיין ,snv aviin
31388,מחנה בלדד ,mxnh bldd
31389,בית חנינא ,bit xnina
31390,טמפל בר ,vmpl br
31391,אינר טמפל ,ainr vmpl
31392,מידל טמפל ,midl vmpl
31393,סן לורנצו ,sn lwrncw
31397,סנטרל איילנד ,snvrl aiilnd
31398,קוסמודרום בייקונור ,qwsmwdrwm biiqwnwr
31399,קוסמודרום סבובודני ,qwsmwdrwm sbwbwdni
31400,קריית קריניצי ,qriit qrinici
31401,קבוצת שילר ,qbwct eilr
31404,ויקינג מטאל ,wiqing mval
31405,כרטא מרינה ,krva mrinh
31406,מגנה כרטה ,mgnh krvh
31407,אלוני ממרא ,alwni mmra
31410,קשת גלריוס ,qet glriws
31413,עינות תלם ,yinwt tlm
31414,עינות ירדן ,yinwt irdn
31415,עינות זיף ,yinwt zip
31416,עינות שיאון ,yinwt eiawn
31417,הוקס ביי ,hwqs bii
31418,רוז ביי ,rwz bii
31420,דונג הוי ,dwng hwi
31421,הוי אן ,hwi an
31425,ואי נט ,wai nv
31427,סן אוגוסטין ,sn awgwsvin
31428,ביג בן ,big bn
31429,ביג פוט ,big pwv
31431,תעלת למאנש ,tylt lmane
31432,מקוה ישראל ,mqwh ieral
31433,אר דקו ,ar dqw
31434,אר אי אם ,ar ai am
31435,אר דאידרדו ,ar daidrdw
31436,דיפ פרפל ,dip prpl
31437,מוב דיפ ,mwb dip
31438,דיפ פורסט ,dip pwrsv
31439,דיפ דיש ,dip die
31440,פאלון גונג ,palwn gwng
31442,פטריפייד פורסט ,pvripiid pwrsv
31445,קזינו רויאל ,qzinw rwial
31446,פאלה רויאל ,palh rwial
31447,לד זפלין ,ld zplin
31448,יס פלאנט ,is planv
31449,יס מן ,is mn
31452,סנטה קלרה ,snvh qlrh
31454,לנינסקי גורקי ,lninsqi gwrqi
31455,האיים האנטילים ,haiim hanvilim
31456,סאן מיקרוסיסטמס ,san miqrwsisvms
31463,סאטו מארה ,savw marh
31464,וול סטריט ,wwl svriv
31468,פוטס פוינט ,pwvs pwinv
31469,פוינט פייפר ,pwinv piipr
31470,דאווס פוינט ,dawws pwinv
31471,וסט פוינט ,wsv pwinv
31472,סידר פוינט ,sidr pwinv
31473,פוינט פלזנט ,pwinv plznv
31474,מילרס פוינט ,milrs pwinv
31477,תל קסילה ,tl qsilh
31478,שטיין אם ריין ,eviin am riin
31479,שניידר אלקטריק ,eniidr alqvriq
31489,טווין פיקס ,vwwin piqs
31490,ואדי סאליב ,wadi salib
31491,אטול פאלמירה ,avwl palmirh
31492,פיניגנז וייק ,pinignz wiiq
31493,פל קל ,pl ql
31494,קו קלוקס קלאן ,qw qlwqs qlan
31495,אוגוסטה ויקטוריה ,awgwsvh wiqvwrih
31498,רואוד טאון ,rwawd vawn
31499,קוגר טאון ,qwgr vawn
31500,קוקבורן טאון ,qwqbwrn vawn
31501,קמדן טאון ,qmdn vawn
31503,דאון טאון ,dawn vawn
31504,האדרספילד טאון ,hadrspild vawn
31505,לוטון טאון ,lwvwn vawn
31507,סווינדון טאון ,swwindwn vawn
31508,גרימסבי טאון ,grimsbi vawn
31509,סטון טאון ,svwn vawn
31510,סיינט פול ,siinv pwl
31511,סיינט אוגוסטין ,siinv awgwsvin
31512,סיינט פיטרסברג ,siinv pivrsbrg
31513,קינגס קרוס סיינט פנקראס ,qings qrws siinv pnqras
31514,קראטה קיד ,qravh qid
31515,איליה קפיטולינה ,ailih qpivwlinh
31517,אקסון מוביל ,aqswn mwbil
31518,אקסון ואלדז ,aqswn waldz
31519,בוגי ווגי ,bwgi wwgi
31520,טוקי פונה ,vwqi pwnh
31521,לאס וגאס ,las wgas
31522,ישיבה יוניברסיטי ,ieibh iwnibrsivi
31524,דפש מוד ,dpe mwd
31525,טור מלכא ,vwr mlka
31526,סדאקה רעות ,sdaqh rywt
31527,קולורדו ספרינגס ,qwlwrdw springs
31528,הוט ספרינגס ,hwv springs
31529,פאלם ספרינגס ,palm springs
31530,אליס ספרינגס ,alis springs
31531,סנדי ספרינגס ,sndi springs
31532,פלמה דה מיורקה ,plmh dh miwrqh
31533,פלצו דיי פריורי ,plcw dii priwri
31534,שינג אי ,eing ai
31537,אנומה אליש ,anwmh alie
31538,אמנסטי אינטרנשיונל ,amnsvi ainvrneiwnl
31539,מצודת אנטוניה ,mcwdt anvwnih
31540,אקול פוליטכניק ,aqwl pwlivkniq
31541,אקול נורמל סופרייר ,aqwl nwrml swpriir
31542,אקול פראטיק דה אוטז אטיד ,aqwl praviq dh awvz avid
31543,אקול נסיונל סופרייר דה בוזאר ,aqwl nsiwnl swpriir dh bwzar
31544,אקול ביבליק ,aqwl bibliq
31546,גיים בוי ,giim bwi
31547,פול אאוט בוי ,pwl aawv bwi
31548,גשר בייברס ,ger biibrs
31549,סן ברנאר ,sn brnar
31570,גנדאי בודו ,gndai bwdw
31571,דוראן דוראן ,dwran dwran
31572,וושינגטון ויזארדס ,wweingvwn wizards
31573,אנדרטת וושינגטון ,andrvt wweingvwn
31574,וושינגטון נשיונאלס ,wweingvwn neiwnals
31575,וושינגטון מיסטיקס ,wweingvwn misviqs
31576,הופה היי ,hwph hii
31577,האוניברסיטה היגלונית ,hawnibrsivh higlwnit
31578,מאונה לואה ,mawnh lwah
31579,לוקהיד מרטין ,lwqhid mrvin
31580,מהה סרקם ,mhh srqm
31581,סן מרטן ,sn mrvn
31582,סרו פורטניו ,srw pwrvniw
31583,ציר פילדלפי ,cir pildlpi
31586,חאנות קאזאן ,xanwt qazan
31587,ארמיה קריובה ,armih qriwbh
31588,רנדום האוס ,rndwm haws
31589,דיילי שואו ,diili ewaw
31590,אוסטין פאוורס ,awsvin pawwrs
31591,באבי יאר ,babi iar
31592,ביטר למון ,bivr lmwn
31594,אבו דיס ,abw dis
31595,כף הורן ,kp hwrn
31597,ניו וורלד ,niw wwrld
31598,וורלד סיריס ,wwrld siris
31599,סווימינג וורלד ,swwiming wwrld
31600,וורלד אוף וורקראפט ,wwrld awp wwrqrapv
31602,דובאי וורלד ,dwbai wwrld
31603,ניוז אוף דה וורלד ,niwz awp dh wwrld
31604,ואן וורלד ,wan wwrld
31605,דה קרייזי וורלד אוף ארתור בראון ,dh qriizi wwrld awp artwr brawn
31606,רן וסטימפי ,rn wsvimpi
31607,בר חמא ,br xma
31608,עין יעל ,yin iyl
31609,טייט מודרן ,viiv mwdrn
31610,מודרן טוקינג ,mwdrn vwqing
31612,נשיונל ליג ,neiwnl lig
31613,הוט פוט ,hwv pwv
31615,קומדי סנטרל ,qwmdi snvrl
31616,קומדי פראנסז ,qwmdi pransz
31617,קאמל קומדי קלאב ,qaml qwmdi qlab
31618,קומדי סטור ,qwmdi svwr
31619,סקרמנטו קינגס ,sqrmnvw qings
31620,קינגס לאנגלי ,qings langli
31621,קינגס אוף ליאון ,qings awp liawn
31623,קינגס קניון ,qings qniwn
31625,קינגס קרוס ,qings qrws
31627,אבו רודס ,abw rwds
31628,המפטון רודס ,hmpvwn rwds
31630,ברייט אייז ,briiv aiiz
31631,לה גוארדיה ,lh gwardih
31633,קראון הייטס ,qrawn hiivs
31634,דובר הייטס ,dwbr hiivs
31635,סיטי הייטס ,sivi hiivs
31636,מטרו סנטרל הייטס ,mvrw snvrl hiivs
31637,וושינגטון הייטס ,wweingvwn hiivs
31638,ברוקלין הייטס ,brwqlin hiivs
31639,האדסון הייטס ,hadswn hiivs
31640,קרסנט הייטס ,qrsnv hiivs
31641,מורנינגסיד הייטס ,mwrningsid hiivs
31642,לוגן הייטס ,lwgn hiivs
31643,נורמל הייטס ,nwrml hiivs
31644,שרמן הייטס ,ermn hiivs
31645,טאוור רקורדס ,vawwr rqwrds
31646,סיטי טאוור ,sivi vawwr
31647,טאוור האמלטס ,vawwr hamlvs
31648,אייסי טאוור ,aiisi vawwr
31651,תל ליטוינסקי ,tl livwinsqi
31652,בבא מציעא ,bba mciya
31653,ארם נהריים ,arm nhriim
31654,דברי ימי נרניה ,dbri imi nrnih
31655,סיפורי נרניה ,sipwri nrnih
31656,סידנא עלי ,sidna yli
31657,סידנא עומר ,sidna ywmr
31658,מיס סייגון ,mis siigwn
31659,איש פילטדאון ,aie pilvdawn
31660,קאזה באליו ,qazh baliw
31661,קאזה מילה ,qazh milh
31662,קאזה נובה ,qazh nwbh
31663,קאזה רוקה פיקולה ,qazh rwqh piqwlh
31664,קאזה פזארו ,qazh pzarw
31665,קארה קום ,qarh qwm
31666,לוקהיד קונסטליישן ,lwqhid qwnsvliien
31667,קמפו גרנדה ,qmpw grndh
31668,קמפו פורמיו ,qmpw pwrmiw
31669,קמפו מרציו ,qmpw mrciw
31671,קמפו די פיורי ,qmpw di piwri
31672,פיאצה דל קמפו ,piach dl qmpw
31673,קמפו דיי מיראקולי ,qmpw dii miraqwli
31674,אנה קרנינה ,anh qrninh
31675,קרסון סיטי ,qrswn sivi
31676,חורבת קרתא ,xwrbt qrta
31677,ראנו ראראקו ,ranw raraqw
31678,ראנו קאו ,ranw qaw
31679,רמינגטון סטיל ,rmingvwn svil
31680,אהורה מאזדה ,ahwrh mazdh
31681,ג'ין מאו ,
31682,גרנד קיימן؂נ ,grnd qiimnnullnull
31683,לונ ביץ' ,
31684,סנט וינסנט؂נוהגרנדינים ,snv winsnvnullnullwhgrndinim
31685,טאו קלארג'תי ,
31686,,bwrgnulla-slam
31687,סנטרל פארק؂נ ,snvrl parqnullnull
31688,סנטרל פארק וסט؂נ ,snvrl parq wsvnullnull
31689,גרנד סנטרל؂נ ,grnd snvrlnullnull
31690,מינסוטה ויקינגס؂נ ,minswvh wiqingsnullnull
31691,,wiqing ap si.
31692,צ'יאנג מאי؂נ ,
31693,צ'יאנג ראי؂נ ,
31694,סן ז'רמן ,
31695,סטייט؂נבנק אוף אינדיה ,sviivnullnullbnq awp aindih
31696,צ'סאפיק ביי רטריבר ,
31697,ריאל סולט؂נלייק ,rial swlvnullnullliiq
31698,,niagrh awn-dh-liiqnullnull
31699,קו מאז'ינו ,
31700,בניין קרייזלר؂נ ,bniin qriizlrnullnull
31701,איוו ג'ימה ,
31702,וולת'אם פורסט؂נ ,
31703,פורסט לודג'؂נ ,
31704,נוטינגהאם פורסט؂נ ,nwvingham pwrsvnullnull
31705,,nwr-ph dhnullnullqalh
31706,סנטיאגו דה קאלי؂נ ,snviagw dh qalinullnull
31707,קנטקי פרייד צ'יקן ,
31708,נורת' שור ,nwrtnullewr
31709,נורת' אמריקן אוויאיישן ,nwrtnullamriqn awwiaiien
31710,נורת' בונדיי ,nwrtnullbwndii
31711,איי נורת' ,
31712,נורת' ברד'ר ,
31713,נורת' שור סיטי ,nwrtnullewr sivi
31714,מאניק סטריט פריצ'רז ,
31715,ג'יי סטריט ,
31716,צ'ק פוינט ,
31717,פיג'ן פוינט ,
31718,צ'ק פוינט צ'ארלי ,
31719,פאלם ביץ' ,
31720,דלריי ביץ' ,
31721,וירג'יניה ביץ' ,
31722,ביץ' בויז ,bicnullbwiz
31723,אימפריאל ביץ' ,
31724,סיל ביץ' ,
31725,וסט פאלם ביץ' ,
31726,גריניץ' וילג' ,
31727,ג'ונס הופקינס ,
31728,בה גואה ג'אנג ,
31729,ג'ורג' טאון ,
31730,צ'יינה טאון ,
31731,איפסוויץ' טאון ,aipswwicnullvawn
31732,מולן רוז' ,
31733,יוניברסיטי קולג' דבלין ,iwnibrsivi qwlgnulldblin
31734,קריסטל אייג' ,
31735,קווינס אוף דה סטון؂נאייג' ,
31736,בבילון Յ ,bbilwn
31737,ג'בל מוכאבר ,
31738,ג'בל הרון ,
31739,ג'בל מוסא ,
31740,ג'בל חלאל ,
31741,ג'בל מע'רה ,
31742,ג'בל ברקל ,
31743,ג'בל אל תעיר ,
31744,,
31745,ג'בל מונטר ,
31746,ג'בל דרוז ,
31747,ג'בל קאסיון ,
31748,בינת ג'בייל ,
31749,,
31750,ג'בל לבנאן ,
31751,ג'בל אסלאמיה ,
31752,ג'בל ג'ריזים ,
31753,ג'בל עידיד ,
31754,ג'בל עאמל ,
31755,ג'בל עדתיר ,
31756,,
31757,אי צ'ינג ,
31758,דאו דה ג'ינג ,
31759,ג'יט קון דו؂נ ,
31760,המפסטד הית' ,
31761,,nullwwrld
31762,נשיונל ג'יאוגרפיק ,
31763,רד הוט צ'ילי פפרז ,
31764,לוס אנג'לס קינגס ,
31765,קינגס קולג' ,
31766,נורת'רן קינגס ,
31767,בלצ'לי פארק ,
31768,גוג'ו ריו ,
31769,טאוור ברידג' ,
31770,ג'ת'רו טאל ,
31771,שורינג'י קמפו ,
34067,בעדנא דרתחא ,bydna drtxa
34076,בעת ובעונה אחת ,byt wbywnh axt
34078,בוקר לא עבות ,bwqr la ybwt
34835,הכל אתי שפיר ,hkl ati epir
34838,הן צדק ,hn cdq
34866,השכם והערב ,hekm whyrb
34867,השם ישמרנו ,hem iemrnw
35234,מן הסתם ,mn hstm
34871,ואין צריך לומר ,wain crik lwmr
34872,והדברים עתיקים ,whdbrim ytiqim
34945,חברה קדישא ,xbrh qdiea
34950,חי ראשי ,xi raei
34951,חי נפשי ,xi npei
34960,ידיו רב לו ,idiw rb lw
34972,יקום פורקן ,iqwm pwrqn
34974,ישראל סבא ,ieral sba
35005,רעש געש ,rye gye
34999,תורה שבעל פה ,twrh ebyl ph
35001,ששת ימי המעשה ,eet imi hmyeh
35002,ששת ימי בראשית ,eet imi braeit
35003,שלושת ימי הגבלה ,elwet imi hgblh
35016,אחת ליובל ,axt liwbl
35008,ראש השנה לאילנות ,rae henh lailnwt
35026,אש וגופרית ,ae wgwprit
35018,פסוקי דזמרא ,pswqi dzmra
35027,פחות או יותר ,pxwt aw iwtr
35034,על לא חמס ,yl la xms
35029,עסק ביש ,ysq bie
35030,עמק הבכא ,ymq hbka
35031,עמק הבכא ,ymq hbka
35038,על חודה של חרב ,yl xwdh el xrb
35035,על לא דבר ,yl la dbr
35039,על דא ועל הא ,yl da wyl ha
35044,עיר ואם בישראל ,yir wam bieral
35042,על אחת כמה וכמה ,yl axt kmh wkmh
35089,עד חצי המלכות ,yd xci hmlkwt
35046,כזה ראה וקדש ,kzh rah wqde
35047,כחלום יעוף ,kxlwm iywp
35048,ככמהין וכפטריות ,kkmhin wkpvriwt
35056,כל עיקר ,kl yiqr
35057,כל שני וחמישי ,kl eni wxmiei
35058,כמעט קט ,kmyv qv
35060,כסומא בארובה ,kswma barwbh
35063,כסף עובר לסוחר ,ksp ywbr lswxr
35064,כעבד לפני אדוניו ,kybd lpni adwniw
35065,כעני בפתח ,kyni bptx
35066,כעפרא דארעא ,kypra darya
35068,כעפר הארץ ,kypr harc
35069,כערער בערבה ,kyryr byrbh
35070,כפעם בפעם ,kpym bpym
35071,כפשע בינו ובין המוות ,kpey binw wbin hmwwt
35073,כצאן בלי רועה ,kcan bli rwyh
35075,קוף אחרי בן אדם ,qwp axri bn adm
35077,כקליפת השום ,kqlipt hewm
35078,כקצף על פני מים ,kqcp yl pni mim
35079,כרחוק מזרח ממערב ,krxwq mzrx mmyrb
35080,רעם ביום בהיר ,rym biwm bhir
35081,כשושנה בין החוחים ,kewenh bin hxwxim
35082,כשלג דאשתקד ,kelg daetqd
35088,עד יעבור זעם ,yd iybwr zym
35090,עד זקנה ושיבה ,yd zqnh weibh
35091,עד בלתי שמים ,yd blti emim
35092,עד בלי די ,yd bli di
35093,עד בוש ,yd bwe
35094,עד אנה ,yd anh
35095,עד אם ,yd am
35096,עד אין חקר ,yd ain xqr
35109,לאין ערוך ,lain yrwk
35110,לאין שיעור ,lain eiywr
35111,לא מדובשך ולא מעוקצך ,la mdwbek wla mywqck
35112,לא מעלמא הדין ,la mylma hdin
35113,לא פחות ולא יותר ,la pxwt wla iwtr
35114,לא יקום ולא יהיה ,la iqwm wla ihih
35116,לעג לרש ,lyg lre
35118,לעיני השמש ,lyini heme
35119,לית מאן דפליג ,lit man dplig
35120,לך ושוב ,lk wewb
35121,לכל הרוחות ,lkl hrwxwt
35122,לכל פרטיו ודקדוקיו ,lkl prviw wdqdwqiw
35123,לכל ראש ,lkl rae
35124,למחצה לשליש ולרביע ,lmxch lelie wlrbiy
35125,למעלה ראש ,lmylh rae
35127,לנצח נצחים ,lncx ncxim
35128,לעולם ועד ,lywlm wyd
35129,לעולמי עולמים ,lywlmi ywlmim
35130,לעילא ולעילא ,lyila wlyila
35131,לעלם ולעלמי עלמיא ,lylm wlylmi ylmia
35132,לעתיד לבוא ,lytid lbwa
35133,לעתים קרובות ,lytim qrwbwt
35134,לעתים רחוקות ,lytim rxwqwt
35136,לעת עתה ,lyt yth
35137,לפום גמלא שחנא ,lpwm gmla exna
35138,לפום צערא אגרא ,lpwm cyra agra
35139,לפי חרב ,lpi xrb
35140,לפי תומו ,lpi twmw
35141,לפני ולפנים ,lpni wlpnim
35142,לפתע פתאום ,lpty ptawm
35143,לצור על פי הצלוחית ,lcwr yl pi hclwxit
35144,לשבט או לחסד ,lebv aw lxsd
35150,לשם שמים ,lem emim
35151,לתורה לחופה ולמעשים טובים ,ltwrh lxwph wlmyeim vwbim
35313,מאיגרא רמא לבירא עמיקתא ,maigra rma lbira ymiqta
35159,מבעוד יום ,mbywd iwm
35161,מדי פעם ,mdi pym
35166,מה העניינים ,mh hyniinim
35168,מה נשתנה ,mh netnh
35169,מומר לתאבון ,mwmr ltabwn
35173,מורי ורבי ,mwri wrbi
35174,מזמור שיר לעתיד לבוא ,mzmwr eir lytid lbwa
35181,מימי קדם קדמתה ,mimi qdm qdmth
35184,מי שמך ,mi emk
35185,מי שפרע ,mi epry
35194,מילי דשמיא ,mili demia
35195,מששת ימי בראשית ,meet imi braeit
35200,מרעין בישין ,mryin biein
35201,מקרני ראמים ועד ביצי כינים ,mqrni ramim wyd bici kinim
35203,מקטן ועד גדול ,mqvn wyd gdwl
35206,מפי עוללים ויונקים ,mpi ywllim wiwnqim
35210,ענייני דיומא ,yniini diwma
35211,כמעיין המתגבר ,kmyiin hmtgbr
35214,מנער ועד זקן ,mnyr wyd zqn
35217,מנה אחת אפיים ,mnh axt apiim
35218,מקדמת דנא ,mqdmt dna
35222,מן המסד עד הטפחות ,mn hmsd yd hvpxwt
35223,מלתא דבדיחותא ,mlta dbdixwta
35225,מלדה ומבטן ,mldh wmbvn
35227,מלוא חופניים ,mlwa xwpniim
35229,מכאן ואילך ,mkan wailk
35230,מימים ימימה ,mimim imimh
35232,מיד ליד ,mid lid
35235,מן הקל אל הכבד ,mn hql al hkbd
35236,מן הקצה אל הקצה ,mn hqch al hqch
35237,מן השפה ולחוץ ,mn heph wlxwc
35238,מני אז ,mni az
35239,מסביב לנקודה ,msbib lnqwdh
35243,מועט המחזיק את המרובה ,mwyv hmxziq at hmrwbh
35245,מעמקא דלבא ,mymqa dlba
35246,מעניין לעניין באותו עניין ,myniin lyniin bawtw yniin
35266,משלחת מלאכי רעים ,melxt mlaki ryim
35252,מפה לפה ,mph lph
35253,מפה אל פה ,mph al ph
35255,מפקידה לפקידה ,mpqidh lpqidh
35259,מקרב לב ,mqrb lb
35260,מרגלא בפומיה ,mrgla bpwmih
35268,שופרא דשופרא ,ewpra dewpra
35283,מחוט ועד שרוך נעל ,mxwv wyd erwk nyl
35284,מחד גיסא ,mxd gisa
35285,מזל טוב ,mzl vwb
35289,מודים דרבנן ,mwdim drbnn
35291,עקב בצד אגודל ,yqb bcd agwdl
35292,מהכא להתם ,mhka lhtm
35293,מהיכא תיתי ,mhika titi
35295,מה יום מימים ,mh iwm mimim
35294,מהדרין מן המהדרין ,mhdrin mn hmhdrin
35296,מה ביניהם ,mh binihm
35302,מדי יום ביומו ,mdi iwm biwmw
35303,מדי חודש בחודשו ,mdi xwde bxwdew
35304,מדחי אל דחי ,mdxi al dxi
35306,מדורי דורות ,mdwri dwrwt
35309,מאידך גיסא ,maidk gisa
35308,מאלף ועד תו ,malp wyd tw
35310,מאחורי הפרגוד ,maxwri hprgwd
35311,מאז ומעולם ,maz wmywlm
35326,מתחת לכל ביקורת ,mtxt lkl biqwrt
35321,לפנים משורת הדין ,lpnim mewrt hdin
35336,לגופו של דבר ,lgwpw el dbr
35327,ללא הועיל ,lla hwyil
35328,לית דין ולית דין ,lit din wlit din
35329,לחיים טובים ולשלום ,lxiim vwbim wlelwm
35333,להבדיל אלף אלפי הבדלות ,lhbdil alp alpi hbdlwt
35334,לדור ודור ,ldwr wdwr
35339,לאמיתו של דבר ,lamitw el dbr
35337,לבלי חוק ,lbli xwq
35340,לאט לאט ,lav lav
35341,לא באלף רבתי ,la balp rbti
35348,כשתי טיפות מים ,keti vipwt mim
35349,כעת חיה ,kyt xih
35350,כנסת הגדולה ,knst hgdwlh
35356,כלה ונחרצה ,klh wnxrch
35358,כלאחר יד ,klaxr id
35360,ביש גדא ,bie gda
35361,כיד המלך ,kid hmlk
35362,כטפה מן הים ,kvph mn him
35363,כחתן בין אבלים ,kxtn bin ablim
35386,איבוד לדעת ,aibwd ldyt
35381,אב הרחמים ,ab hrxmim
35382,אבינו שבשמים ,abinw ebemim
35387,אבי אבות הטומאה ,abi abwt hvwmah
35388,סעד אלחרירי ,syd alxriri
35389,רפיק אלחרירי ,rpiq alxriri
35391,עד כדי ,yd kdi
35392,לא אחת ,la axt
35394,נגד מטוסים ,ngd mvwsim
35401,אביר יעקב ,abir iyqb
35395,נגד מטוסים ,ngd mvwsim
35400,אביר ישראל ,abir ieral
35410,אגב אורחא ,agb awrxa
35411,אגב אורח ,agb awrx
35412,אגב גררא ,agb grra
35417,אדם הראשון ,adm hraewn
35418,אדם מן היישוב ,adm mn hiiewb
35419,אדם מן השוק ,adm mn hewq
35420,אדמת הקודש ,admt hqwde
35423,אהבה עצמית ,ahbh ycmit
35424,אהבה התלויה בדבר ,ahbh htlwih bdbr
35426,אוהל מועד ,awhl mwyd
35427,אוד מוצל מאש ,awd mwcl mae
35428,אוד מוצל משרפה ,awd mwcl merph
35435,אור שבעת הימים ,awr ebyt himim
35438,אות באות ,awt bawt
35439,אותיות של טל ומטר ,awtiwt el vl wmvr
35440,בנימין נתניהו ,bnimin ntnihw
35443,אחד אחד ,axd axd
35444,אחד בפה ואחד בלב ,axd bph waxd blb
35445,אחד מני אלף ,axd mni alp
35448,נגד טנקים ,ngd vnqim
35450,לה סטמפה ,lh svmph
35460,אחת אחת ,axt axt
35461,אחת היא ,axt hia
35462,אחת שתיים ,axt etiim
35463,אט אט ,av av
35465,אי אלו ,ai alw
35466,אי לזאת ,ai lzat
35467,אי שם ,ai em
35468,איי הים ,aii him
35469,איך שהוא ,aik ehwa
35472,אילך ואילך ,ailk wailk
35477,איום ונורא ,aiwm wnwra
35478,אימת הציבור ,aimt hcibwr
35480,אין אונים ,ain awnim
35481,אין חקר ל ,ain xqr l
35483,איפה ואיפה ,aiph waiph
35489,איש איש ,aie aie
35496,בשעה זו ,beyh zw
35497,בכל הנוגע ,bkl hnwgy
35499,סילביו ברלוסקוני ,silbiw brlwsqwni
35500,משמרות המהפכה ,memrwt hmhpkh
35512,כחרס הנשבר ,kxrs hnebr
35501,בקעת הלבנון ,bqyt hlbnwn
35521,כהרף עין ,khrp yin
35513,כחץ מקשת ,kxc mqet
35514,כחמר ביד היוצר ,kxmr bid hiwcr
35515,כחול אשר על שפת הים ,kxwl aer yl ept him
35516,כחוט השערה ,kxwv heyrh
35517,כחדה של מחט ,kxdh el mxv
35519,כזנב הלטאה ,kznb hlvah
35520,כוס של ברכה ,kws el brkh
35522,כהנה וכהנה ,khnh wkhnh
35532,כדת וכדין ,kdt wkdin
35527,כהלכות גברין יהודאין ,khlkwt gbrin ihwdain
35528,כה יעשה לי ה' וכה יוסיף ,kh iyeh li hnullwkh iwsip
35529,כה לחי ,kh lxi
35530,כה אחיה ,kh axih
35531,כדת משה וישראל ,kdt meh wieral
35534,כבדהו וחשדהו ,kbdhw wxedhw
35540,כאין וכאפס ,kain wkaps
35537,כתמול שלשום ,ktmwl elewm
35539,באפס יד ,baps id
35548,אל ייאוש ,al iiawe
35543,כאבל בין חתנים ,kabl bin xtnim
35544,כאבל בין אבלים ,kabl bin ablim
35547,אל חינם ,al xinm
35554,רמת הגולן ,rmt hgwln
35549,אליבא דאמת ,aliba damt
35550,אלוהים אחרים ,alwhim axrim
35557,אליה וקוץ בה ,alih wqwc bh
35558,דיילי טלגרף ,diili vlgrp
35566,בשאר אסאד ,bear asad
35569,הרפובליקה האסלאמית ,hrpwbliqh haslamit
35577,כתוצאה מכך ,ktwcah mkk
35587,עמר מוסא ,ymr mwsa
35592,רצועת עזה ,rcwyt yzh
35591,אלף בית ,alp bit
35595,הקהילייה הבינלאומית ,hqhiliih hbinlawmit
35599,אמן יתומה ,amn itwmh
35600,אמן חטופה ,amn xvwph
35896,בכל חומרת הדין ,bkl xwmrt hdin
35605,הליגה הערבית ,hligh hyrbit
35606,הכוחות הלבנוניים ,hkwxwt hlbnwniim
35607,אמנון ותמר ,amnwn wtmr
35608,הוצאה להורג ,hwcah lhwrg
35610,החזית העממית לשחרור פלסטין ,hxzit hymmit lexrwr plsvin
35611,רכבת אוויר ,rkbt awwir
35612,יין המשומר ,iin hmewmr
35625,מועצת הביטחון ,mwyct hbivxwn
35616,יחידו של עולם ,ixidw el ywlm
35624,ועדת חוץ וביטחון ,wydt xwc wbivxwn
35629,יום כיפור קטן ,iwm kipwr qvn
35628,יום יום ,iwm iwm
35631,לא מכבר ,la mkbr
35632,יום הזיכרון ,iwm hzikrwn
35639,יום הדין ,iwm hdin
35636,ביתר שאת ,bitr eat
35642,דרום לבנון ,drwm lbnwn
35640,מלחמת לבנון השנייה ,mlxmt lbnwn heniih
35647,אמת ויציב ,amt wicib
35646,באמת ובתמים ,bamt wbtmim
35648,אמת לאמתה ,amt lamth
35649,אנה ואנה ,anh wanh
35651,אסרו חג ,asrw xg
35652,אף על גב ש ,ap yl gb e
35659,ארבע כנפות ,arby knpwt
35653,אף על פי ש ,ap yl pi e
35656,אצבע צרדה ,acby crdh
35662,רדיו משרק ,rdiw merq
35674,הים האדום ,him hadwm
35667,ארון העדות ,arwn hydwt
35668,ארון הברית ,arwn hbrit
35670,ארון אלוהים ,arwn alwhim
35685,האחים המוסלמים ,haxim hmwslmim
35676,ים סוף ,im swp
35677,תעלת סואץ ,tylt swac
35678,ארי שבחבורה ,ari ebxbwrh
35692,"עצרת האו""ם ",
35688,ניו יורק טיימס ,niw iwrq viims
35709,באותות ובמופתים ,bawtwt wbmwptim
35696,אזור הביטחון ,azwr hbivxwn
35697,רצועת הביטחון ,rcwyt hbivxwn
35700,אשת לפידות ,aet lpidwt
35704,בא בימים ,ba bimim
35710,באישון לילה ,baiewn lilh
35711,באופן בלתי אמצעי ,bawpn blti amcyi
35713,פת בג ,pt bg
35714,לה פיגארו ,lh pigarw
35715,בדחילו ורחימו ,bdxilw wrximw
35717,בדי עמל ,bdi yml
35725,בהן צדק ,bhn cdq
35730,בוחן כליות ולב ,bwxn kliwt wlb
35726,בהיסח הדעת ,bhisx hdyt
35736,בושה וכלימה ,bweh wklimh
35738,בית הדין הבינלאומי ,bit hdin hbinlawmi
35737,בזיל הזול ,bzil hzwl
35747,בחוזק יד ,bxwzq id
35739,בית הדין הבינלאומי לצדק ,bit hdin hbinlawmi lcdq
35742,בית הדין הפלילי הבינלאומי ,bit hdin hplili hbinlawmi
35743,בחדרי חדרים ,bxdri xdrim
35749,בחצי חינם ,bxci xinm
35750,בטוב טעם ,bvwb vym
35753,בין המצרים ,bin hmcrim
35754,בין המצרים ,bin hmcrim
35756,בין השיטין ,bin heivin
35757,בין השורות ,bin hewrwt
35758,בין כה וכה ,bin kh wkh
35759,בין כך ובין כך ,bin kk wbin kk
35761,בין כסה לעשור ,bin ksh lyewr
35762,מזה זמן ,mzh zmn
35781,יד אחת ,id axt
35780,יד ביד ,id bid
35785,ייאוש שלא מדעת ,iiawe ela mdyt
35783,חסן נסראללה ,xsn nsrallh
35784,יד ושם ,id wem
35790,עלי אכבר סאלחי ,yli akbr salxi
35788,טיפת חלב ,vipt xlb
35789,טיפין טיפין ,vipin vipin
35792,טעם לפגם ,vym lpgm
35791,טענות ומענות ,vynwt wmynwt
35794,טלית שכולה תכלת ,vlit ekwlh tklt
35800,טבין ותקילין ,vbin wtqilin
35803,חושך מצרים ,xwek mcrim
35806,חרם דרבנו גרשם ,xrm drbnw grem
35815,חצר מוות ,xcr mwwt
35814,חוק ולא יעבור ,xwq wla iybwr
35817,חצי הלל ,xci hll
35816,חוצפא כלפי שמיא ,xwcpa klpi emia
35829,חסידים ואנשי מעשה ,xsidim wanei myeh
35833,חן חן ,xn xn
35834,חמץ שעבר עליו הפסח ,xmc eybr yliw hpsx
35836,חמור חמורתיים ,xmwr xmwrtiim
35845,בינו לבינו ,binw lbinw
35844,בינו לבין עצמו ,binw lbin ycmw
35848,ביש מזל ,bie mzl
35857,בית הבחירה ,bit hbxirh
35862,בית הלורדים ,bit hlwrdim
35875,המזרח התיכון ,hmzrx htikwn
35863,בית המקדש ,bit hmqde
35864,בית השואבה ,bit hewabh
36229,דו שיח ,dw eix
35876,בית מועד לכל חי ,bit mwyd lkl xi
35898,בלי עין הרע ,bli yin hry
35900,בלי מצרים ,bli mcrim
35899,בלי גבול ,bli gbwl
35901,ללא מצרים ,lla mcrim
35902,ללא גבול ,lla gbwl
35903,עד אין גבול ,yd ain gbwl
35904,בלי הפוגה ,bli hpwgh
35905,בלי הרף ,bli hrp
35906,בלי חשד ,bli xed
35907,בלי משים ,bli meim
35909,בלי נדר ,bli ndr
35910,במה דברים אמורים ,bmh dbrim amwrim
35911,במהירות בזק ,bmhirwt bzq
35936,בעוד מועד ,bywd mwyd
36204,פוסט הוק ארגו פרופטר הוק ,pwsv hwq argw prwpvr hwq
35940,או קיי ,aw qii
35965,בוקר בוקר ,bwqr bwqr
35964,בבוקר בבוקר ,bbwqr bbwqr
35966,ברוך הבא ,brwk hba
35970,ברכה לבטלה ,brkh lbvlh
35967,ברוך השם ,brwk hem
35968,ברוך שפטרני ,brwk epvrni
35969,בריש גלי ,brie gli
35971,בשום אופן ,bewm awpn
35972,בשום אופן ,bewm awpn
35975,בשר ודם ,ber wdm
35974,בשעת הדחק ,beyt hdxq
35983,בת צחוק ,bt cxwq
35988,גובה רוח ,gwbh rwx
35989,גובה לב ,gwbh lb
35992,גדולות ונצורות ,gdwlwt wncwrwt
35994,גדישת הסאה ,gdiet hsah
36000,גל עצמות ,gl ycmwt
35999,גיא צלמוות ,gia clmwwt
36004,גולת הכותרת ,gwlt hkwtrt
36005,גם אם ,gm am
36013,דבר של מה בכך ,dbr el mh bkk
36006,גם כי ,gm ki
36011,גרסא דינקותא ,grsa dinqwta
36015,דברי הימים ,dbri himim
36017,דברים בטלים ,dbrim bvlim
36018,דברים בעלמא ,dbrim bylma
36227,דברים כדרבונות ,dbrim kdrbwnwt
36021,דברים שבינו לבינה ,dbrim ebinw lbinh
36027,די והותר ,di whwtr
36028,דין ודברים ,din wdbrim
36030,דיני נפשות ,dini npewt
36031,דם המכבים ,dm hmkbim
36033,דיראון עולם ,dirawn ywlm
36034,דרך משל ,drk mel
36036,דת משה ,dt meh
36035,דרך נשים ,drk neim
36037,הבית הלבן ,hbit hlbn
36040,הבית ראשון ,hbit raewn
36042,הבית השני ,hbit heni
36041,הבית הראשון ,hbit hraewn
36044,הבל הבלים ,hbl hblim
36047,הברית החדשה ,hbrit hxdeh
36045,הבלי העולם ,hbli hywlm
36048,הגם כי ,hgm ki
36055,הווה אומר ,hwwh awmr
36049,הגם ש ,hgm e
36051,הוד והדר ,hwd whdr
36069,חילק ובילק ,xilq wbilq
36067,חלק כחלק ,xlq kxlq
36089,הלכה למעשה ,hlkh lmyeh
36072,חולי חולין ,xwli xwlin
36079,חול המועד ,xwl hmwyd
36087,הלוך ושוב ,hlwk wewb
36100,הצלה פורתא ,hclh pwrta
36101,הקדוש ברוך הוא ,hqdwe brwk hwa
36104,המוני המונים ,hmwni hmwnim
36105,הרי הרים ,hri hrim
36106,הרף עין ,hrp yin
36107,הישארות הנפש ,hiearwt hnpe
36111,וחוזר חלילה ,wxwzr xlilh
36114,זאת אומרת ,zat awmrt
36113,הוועד הפועל ,hwwyd hpwyl
36118,זכר צדיק לברכה ,zkr cdiq lbrkh
36115,זוג או פרט ,zwg aw prv
36120,זיכרון של ברזל ,zikrwn el brzl
36122,זיכרון של פיל ,zikrwn el pil
36124,ננו טכנולוגיה ,nnw vknwlwgih
36265,זכר לחרבן ,zkr lxrbn
36128,זכרו לברכה ,zkrw lbrkh
36129,זמן חירותנו ,zmn xirwtnw
36130,זמן מתן תורתנו ,zmn mtn twrtnw
36131,זמן שמחתנו ,zmn emxtnw
36134,בזעיר אנפין ,bzyir anpin
36135,זיקוקין די נור ,ziqwqin di nwr
36142,החזית לשחרור כדור הארץ ,hxzit lexrwr kdwr harc
36143,חיבוק ידיים ,xibwq idiim
36147,חד וחלק ,xd wxlq
36150,חדשות לבקרים ,xdewt lbqrim
36153,חוכא ואטלולא ,xwka wavlwla
36157,חוץ לארץ ,xwc larc
36193,חכמה נסתרה ,xkmh nstrh
36230,אדם קדמון ,adm qdmwn
36228,דו קרב ,dw qrb
36231,האדם הקדמון ,hadm hqdmwn
36232,הבל הבלים ,hbl hblim
36238,יען כי ,iyn ki
36246,חילך לאורייתא ,xilk lawriita
36239,יען אשר ,iyn aer
36241,שבת בראשית ,ebt braeit
36242,שבת הגדול ,ebt hgdwl
36243,שכם אחד ,ekm axd
36255,חומה ומגדל ,xwmh wmgdl
36248,החי נושא את עצמו ,hxi nwea at ycmw
36249,חי ה ,xi h
36250,חזק חזק ונתחזק ,xzq xzq wntxzq
36251,חזק וברוך ,xzq wbrwk
36252,חזק ואמץ ,xzq wamc
36253,חזיז ורעם ,xziz wrym
36257,חד גדיא ,xd gdia
36258,חבל על דאבדין ,xbl yl dabdin
36266,אבא אבן ,aba abn
36262,זעיר פה זעיר שם ,zyir ph zyir em
36284,אבו בכר ,abw bkr
36267,אבא הילל סילבר ,aba hill silbr
36268,אבא חושי ,aba xwei
36269,אבא קובנר ,aba qwbnr
36282,אבו אל בנאת ,abw al bnat
36283,אבו אל היג'א ,
36295,אבות ישורון ,abwt iewrwn
36285,אבו גוש ,abw gwe
36286,אבו ג'ילדה ,
36288,אבו מאזן ,abw mazn
36289,אבו סימבל ,abw simbl
36290,אבו סנאן ,abw snan
36327,אבדות ומציאות ,abdwt wmciawt
36324,אביב גפן ,abib gpn
36325,אביגדור קהלני ,abigdwr qhlni
36326,אבדות בנפש ,abdwt bnpe
36343,אבן חלדון ,abn xldwn
36332,אבי כהן ,abi khn
36333,,a.b ihwey
36341,אבן העזר ,abn hyzr
36352,אבן נייר ומספריים ,abn niir wmspriim
36345,אבן יהודה ,abn ihwdh
36368,אבק כוכבים ,abq kwkbim
36355,אבן רוזטה ,abn rwzvh
36359,אבנים בכליות ,abnim bkliwt
36360,אבנים בכיס המרה ,abnim bkis hmrh
36362,אבעבועות הפרות ,abybwywt hprwt
36364,אבעבועות שחורות ,abybwywt exwrwt
36365,אבק בין כוכבי ,abq bin kwkbi
36370,אבק של כוכבים ,abq el kwkbim
36380,אברהם אבינו ,abrhm abinw
36381,אברהם אבן שושן ,abrhm abn ewen
36382,אברהם חלפי ,abrhm xlpi
36383,אברהם לינקולן ,abrhm linqwln
36384,אברהם מאפו ,abrhm mapw
36385,אברהם שטרן ,abrhm evrn
36386,אברהם שלונסקי ,abrhm elwnsqi
36393,דה פקטו ,dh pqvw
36432,ויולה דה גמבה ,wiwlh dh gmbh
36433,אבשלום פיינברג ,abelwm piinbrg
36434,אגאתה כריסטי ,agath krisvi
36436,אגד חבילות ,agd xbilwt
36439,אגד החזקות ,agd hxzqwt
36444,האגודה למען החייל ,hagwdh lmyn hxiil
36440,אגד תיור ונופש ,agd tiwr wnwpe
36442,אגדת סינדרלה ,agdt sindrlh
36465,אגם הלשון ,agm hlewn
36445,אגודה לקימום מפגרים ,agwdh lqimwm mpgrim
36448,אגודות הכפרים ,agwdwt hkprim
36449,אגודת אודובון ,agwdt awdwbwn
36453,אגודת צער בעלי חיים ,agwdt cyr byli xiim
36461,אגם אונטריו ,agm awnvriw
36462,אגם אירי ,agm airi
36464,אגם הברבורים ,agm hbrbwrim
36479,אגף האפסנאות ,agp hapsnawt
36466,אגם ויקטוריה ,agm wiqvwrih
36468,ימת מישיגן ,imt mieign
36469,אגם נאצר ,agm nacr
36470,ימת סופיריור ,imt swpiriwr
36471,אגם קומו ,agm qwmw
36473,אגן הים התיכון ,agn him htikwn
36500,אהרון דוד גורדון ,ahrwn dwd gwrdwn
36488,אגרוף תאילנדי ,agrwp tailndi
36483,אגף המים והביוב ,agp hmim whbiwb
36484,אגף המכס והבלו ,agp hmks whblw
36490,הבונדס ,hbwnds
36491,איגרות השליחים ,aigrwt helixim
36501,אדגר אלן פו ,adgr aln pw
36502,אדגר דגה ,adgr dgh
36503,אדגר רייז בורואוז ,adgr riiz bwrwawz
36562,אהרון הכהן ,ahrwn hkhn
36504,אדוארד מונק ,adward mwnq
36505,אדואר מנה ,adwar mnh
36506,אדולף אייכמן ,adwlp aiikmn
36507,אדולף היטלר ,adwlp hivlr
36509,אדוני אלוהי צבאות ,adwni alwhi cbawt
36510,אדית פיאף ,adit piap
36520,אדמה רוח ואש ,admh rwx wae
36522,אדמונד הנרי אלנבי ,admwnd hnri alnbi
36523,אדמונד רוטשילד ,admwnd rwveild
36539,אדר ב' ,
36540,אדרבה ואדרבה ,adrbh wadrbh
36543,אדר א' ,
36553,אהוד אולמרט ,ahwd awlmrv
36554,אהוד ברק ,ahwd brq
36555,אהוד יערי ,ahwd iyri
36556,אהוד מנור ,ahwd mnwr
36557,אהלן וסהלן ,ahln wshln
36558,הפרעה טירדונית כפייתית ,hpryh virdwnit kpiitit
36559,אהרון אבו חצירא ,ahrwn abw xcira
36560,אהרון אהרונסון ,ahrwn ahrwnswn
36561,אהרון ברק ,ahrwn brq
36563,אהרון ידלין ,ahrwn idlin
36588,אוטובוס הדמים ,awvwbws hdmim
36565,אהרון מגד ,ahrwn mgd
36564,אהרון יריב ,ahrwn irib
36567,אוביטר דיקטום ,awbivr diqvwm
36573,אודם בגרון ,awdm bgrwn
36576,אוהלי קדר ,awhli qdr
36578,אוהל תורה ,awhl twrh
36584,אוזן הדוב ,awzn hdwb
36586,אוחז בשטר ,awxz bevr
36587,אוחז כשורה ,awxz kewrh
36607,אולטרה וירס ,awlvrh wirs
36596,אוטוסטרדת המידע ,awvwsvrdt hmidy
36597,אוטם שריר הלב ,awvm erir hlb
36599,אוי ואבוי ,awi wabwi
36605,אולאן באטור ,awlan bavwr
36626,אום כולת'ום ,
36608,אוליבר קרומוול ,awlibr qrwmwwl
36621,אולסי פרי ,awlsi pri
36624,אום אל פחם ,awm al pxm
36645,אוקלהומה סיטי ,awqlhwmh sivi
36641,אוצר השורשים ,awcr hewreim
36651,אור הגנוז ,awr hgnwz
36666,אורי אבנרי ,awri abnri
36653,אורה נמיר ,awrh nmir
36662,באורח נס ,bawrx ns
36676,אור כשדים ,awr kedim
36668,אורים ותומים ,awrim wtwmim
36669,אורים ותומים ,awrim wtwmim
36680,אורן סמדג'ה ,
36682,אורנה פורת ,awrnh pwrt
36687,אורסון וולס ,awrswn wwls
36688,אור עקיבא ,awr yqiba
36693,אור שמח ,awr emx
36701,אות הקוממיות ,awt hqwmmiwt
36694,אושר ועושר ,awer wywer
36703,אות ועדות ,awt wydwt
36702,אות וסימן ,awt wsimn
36723,אזור הדמדומים ,azwr hdmdwmim
37209,אאוט ,aawv